Species	sample-1	sample-2	sample-3	sample-4	sample-5
Klebsiella_grimontii	0.029217362017429378	0.026994071395534624	0.02875882946518668	0.028198564894465192	0.027024765729585006
Klebsiella_huaxiensis	0.013808782048583337	0.013623176218307194	0.014169189371005718	0.013385925894842853	0.013847054886211513
Klebsiella_michiganensis	0.025512566833663115	0.027919101879493757	0.026698620921627985	0.02723343544123201	0.027150267737617136
Klebsiella_oxytoca	0.028670062728918453	0.027750914518773914	0.0274133871510259	0.02698166254038857	0.027484939759036143
Shared_G	0.006567591462131099	0.006853634949333558	0.007105617221661621	0.007007679073475725	0.007655622489959839
Shared_M	0.01393508188439355	0.013707269898667116	0.013958964009418096	0.014393017498216608	0.014139892904953147
